{"cameraMode":{"drawMode":0,"name":"Shaded","section":"Shading Mode"},"sceneLighting":true,"audioPlay":false,"sceneViewState":{"m_AlwaysRefresh":false,"showFog":true,"showSkybox":true,"showFlares":true,"showImageEffects":true,"showParticleSystems":true,"showVisualEffectGraphs":true,"m_FxEnabled":true},"in2DMode":false,"pivot":{"x":332.184814453125,"y":183.14846801757813,"z":-17.351776123046876},"rotation":{"x":-0.04048710688948631,"y":-0.002455066656693816,"z":0.00012148677342338488,"w":-0.9992111921310425},"size":175.66087341308595,"orthographic":false}